{
  "partial": true,
  "wrote_at_utc": "2026-06-17T16:39:11Z",
  "table2": {
    "bon_13": {
      "math500": {
        "mean": 0.2,
        "std": 0.29814239699997197,
        "ci_lower": 0.0,
        "ci_upper": 0.4666666666666666,
        "n_samples": 5
      }
    },
    "bandit_ucb1": {
      "math500": {
        "mean": 0.9333333333333332,
        "std": 0.149071198499986,
        "ci_lower": 0.7999999999999999,
        "ci_upper": 1.0,
        "n_samples": 5
      }
    },
    "mcts_early_stop": {
      "math500": {
        "mean": 0.3333333333333333,
        "std": 0.0,
        "ci_lower": 0.3333333333333333,
        "ci_upper": 0.3333333333333333,
        "n_samples": 5
      }
    },
    "expl_mcts_ppo": {
      "math500": {
        "mean": 0.3333333333333333,
        "std": 0.0,
        "ci_lower": 0.3333333333333333,
        "ci_upper": 0.3333333333333333,
        "n_samples": 5
      }
    }
  },
  "raw_scores": {
    "bon_13": {
      "math500": [
        0.6666666666666666,
        0.0,
        0.0,
        0.3333333333333333,
        0.0
      ]
    },
    "bandit_ucb1": {
      "math500": [
        0.6666666666666666,
        1.0,
        1.0,
        1.0,
        1.0
      ]
    },
    "mcts_early_stop": {
      "math500": [
        0.3333333333333333,
        0.3333333333333333,
        0.3333333333333333,
        0.3333333333333333,
        0.3333333333333333
      ]
    },
    "expl_mcts_ppo": {
      "math500": [
        0.3333333333333333,
        0.3333333333333333,
        0.3333333333333333,
        0.3333333333333333,
        0.3333333333333333
      ]
    }
  }
}